James,123456
Robert,123456
John,123456
Michael,123456
William,123456
David,123456
Richard,123456
Joseph,123456
Thomas,123456
Charles,123456
Christopher,123456
Daniel,123456
Matthew,123456
Anthony,123456
Mark,123456
Donald,123456
Steven,123456
Paul,123456
Andrew,123456
Joshua,123456
Kenneth,123456
Kevin,123456
Brian,123456
George,123456
Edward,123456
Ronald,123456
Timothy,123456
Jason,123456
Jeffrey,123456
Ryan,123456
Jacob,123456
Gary,123456
Nicholas,123456
Eric,123456
Jonathan,123456
Stephen,123456
Larry,123456
Justin,123456
Scott,123456
Brandon,123456
Benjamin,123456
Samuel,123456
Gregory,123456
Frank,123456
James1,123456
Robert2,123456
John3,123456
Michael4,123456
William5,123456
David6,123456
Richard7,123456
Joseph8,123456
Thomas9,123456
Charles10,123456
Christopher11,123456
Daniel12,123456
Matthew13,123456
Anthony14,123456
Mark15,123456
Donald16,123456
Steven17,123456
Paul18,123456
Andrew19,123456
Joshua20,123456
Kenneth21,123456
Kevin22,123456
Brian23,123456
George24,123456
Edward25,123456
Ronald26,123456
Timothy27,123456
Jason28,123456
Jeffrey29,123456
Ryan30,123456
Jacob31,123456
Gary32,123456
Nicholas33,123456
Eric34,123456
Jonathan35,123456
Stephen36,123456
Larry37,123456
Justin38,123456
Scott39,123456
Brandon40,123456
Benjamin41,123456
Samuel42,123456
Gregory43,123456
Frank44,123456
James2,123456
Robert1,123456
John1,123456
Michael1,123456
William1,123456
David1,123456
Richard1,123456
Joseph1,123456
Thomas1,123456
Charles1,123456
Christopher1,123456
Daniel1,123456
Matthew1,123456
Anthony1,123456
Mark1,123456
Donald1,123456
Steven1,123456
Paul1,123456
Andrew1,123456
Joshua1,123456
Kenneth1,123456
Kevin1,123456
Brian1,123456
George1,123456
Edward1,123456
Ronald1,123456
Timothy1,123456
Jason1,123456
Jeffrey1,123456
Ryan1,123456
Jacob1,123456
Gary1,123456
Nicholas1,123456
Eric1,123456
Jonathan1,123456
Stephen1,123456
Larry1,123456
Justin1,123456
Scott1,123456
Brandon1,123456
Benjamin1,123456
Samuel1,123456
Gregory1,123456
Frank1,123456
James3,123456
Robert3,123456
Michael3,123456
William3,123456
David3,123456
Richard3,123456
Joseph3,123456
Thomas3,123456
Charles3,123456
Christopher3,123456
Daniel3,123456
Matthew3,123456
Anthony3,123456
Mark3,123456
Donald3,123456
Steven3,123456
Paul3,123456
Andrew3,123456
Joshua3,123456
Kenneth3,123456
Kevin3,123456
Brian3,123456
George3,123456
Edward3,123456
Ronald3,123456
Timothy3,123456
Jason3,123456
Jeffrey3,123456
Ryan3,123456
Jacob3,123456
Gary3,123456
Nicholas3,123456
Eric3,123456
Jonathan3,123456
Stephen3,123456
Larry3,123456
Justin3,123456
Scott3,123456
Brandon3,123456
Benjamin3,123456
Samuel3,123456
Gregory3,123456
Frank3,123456
James13,123456
Robert23,123456
John33,123456
Michael43,123456
William53,123456
David63,123456
Richard73,123456
Joseph83,123456
Thomas93,123456
Charles103,123456
Christopher113,123456
Daniel123,123456
Matthew133,123456
Anthony143,123456
Mark153,123456
Donald163,123456
Steven173,123456
Paul183,123456
Andrew193,123456
Joshua203,123456
Kenneth213,123456
Kevin223,123456
Brian233,123456
George243,123456
Edward253,123456
Ronald263,123456
Timothy273,123456
Jason283,123456
Jeffrey293,123456
Ryan303,123456
Jacob313,123456
Gary323,123456
Nicholas333,123456
Eric343,123456
Jonathan353,123456
Stephen363,123456
Larry373,123456
Justin383,123456
Scott393,123456
Brandon403,123456
Benjamin413,123456
Samuel423,123456
Gregory433,123456
Frank443,123456
James23,123456
Robert13,123456
John13,123456
Michael13,123456
William13,123456
David13,123456
Richard13,123456
Joseph13,123456
Thomas13,123456
Charles13,123456
Christopher13,123456
Daniel13,123456
Anthony13,123456
Mark13,123456
Donald13,123456
Steven13,123456
Paul13,123456
Andrew13,123456
Joshua13,123456
Kenneth13,123456
Kevin13,123456
Brian13,123456
George13,123456
Edward13,123456
Ronald13,123456
Timothy13,123456
Jason13,123456
Jeffrey13,123456
Ryan13,123456
Jacob13,123456
Gary13,123456
Nicholas13,123456
Eric13,123456
Jonathan13,123456
Stephen13,123456
Larry13,123456
Justin13,123456
Scott13,123456
Brandon13,123456
Benjamin13,123456
Samuel13,123456
Gregory13,123456
Frank13,123456
James4,123456
Robert4,123456
John4,123456
William4,123456
David4,123456
Richard4,123456
Joseph4,123456
Thomas4,123456
Charles4,123456
Christopher4,123456
Daniel4,123456
Matthew4,123456
Anthony4,123456
Mark4,123456
Donald4,123456
Steven4,123456
Paul4,123456
Andrew4,123456
Joshua4,123456
Kenneth4,123456
Kevin4,123456
Brian4,123456
George4,123456
Edward4,123456
Ronald4,123456
Timothy4,123456
Jason4,123456
Jeffrey4,123456
Ryan4,123456
Jacob4,123456
Gary4,123456
Nicholas4,123456
Eric4,123456
Jonathan4,123456
Stephen4,123456
Larry4,123456
Justin4,123456
Scott4,123456
Brandon4,123456
Benjamin4,123456
Samuel4,123456
Gregory4,123456
Frank4,123456
James14,123456
Robert24,123456
John34,123456
Michael44,123456
William54,123456
David64,123456
Richard74,123456
Joseph84,123456
Thomas94,123456
Charles104,123456
Christopher114,123456
Daniel124,123456
Matthew134,123456
Anthony144,123456
Mark154,123456
Donald164,123456
Steven174,123456
Paul184,123456
Andrew194,123456
Joshua204,123456
Kenneth214,123456
Kevin224,123456
Brian234,123456
George244,123456
Edward254,123456
Ronald264,123456
Timothy274,123456
Jason284,123456
Jeffrey294,123456
Ryan304,123456
Jacob314,123456
Gary324,123456
Nicholas334,123456
Eric344,123456
Jonathan354,123456
Stephen364,123456
Larry374,123456
Justin384,123456
Scott394,123456
Brandon404,123456
Benjamin414,123456
Samuel424,123456
Gregory434,123456
Frank444,123456
James24,123456
Robert14,123456
John14,123456
Michael14,123456
William14,123456
David14,123456
Richard14,123456
Joseph14,123456
Thomas14,123456
Charles14,123456
Christopher14,123456
Daniel14,123456
Matthew14,123456
Mark14,123456
Donald14,123456
Steven14,123456
Paul14,123456
Andrew14,123456
Joshua14,123456
Kenneth14,123456
Kevin14,123456
Brian14,123456
George14,123456
Edward14,123456
Ronald14,123456
Timothy14,123456
Jason14,123456
Jeffrey14,123456
Ryan14,123456
Jacob14,123456
Gary14,123456
Nicholas14,123456
Eric14,123456
Jonathan14,123456
Stephen14,123456
Larry14,123456
Justin14,123456
Scott14,123456
Brandon14,123456
Benjamin14,123456
Samuel14,123456
Gregory14,123456
Frank14,123456
Jamesa,123456
Roberta,123456
Johna,123456
Michaela,123456
Williama,123456
Davida,123456
Richarda,123456
Josepha,123456
Thomasa,123456
Charlesa,123456
Christophera,123456
Daniela,123456
Matthewa,123456
Anthonya,123456
Marka,123456
Donalda,123456
Stevena,123456
Paula,123456
Andrewa,123456
Joshuaa,123456
Kennetha,123456
Kevina,123456
Briana,123456
Georgea,123456
Edwarda,123456
Ronalda,123456
Timothya,123456
Jasona,123456
Jeffreya,123456
Ryana,123456
Jacoba,123456
Garya,123456
Nicholasa,123456
Erica,123456
Jonathana,123456
Stephena,123456
Larrya,123456
Justina,123456
Scotta,123456
Brandona,123456
Benjamina,123456
Samuela,123456
Gregorya,123456
Franka,123456
James1a,123456
Robert2a,123456
John3a,123456
Michael4a,123456
William5a,123456
David6a,123456
Richard7a,123456
Joseph8a,123456
Thomas9a,123456
Charles10a,123456
Christopher11a,123456
Daniel12a,123456
Matthew13a,123456
Anthony14a,123456
Mark15a,123456
Donald16a,123456
Steven17a,123456
Paul18a,123456
Andrew19a,123456
Joshua20a,123456
Kenneth21a,123456
Kevin22a,123456
Brian23a,123456
George24a,123456
Edward25a,123456
Ronald26a,123456
Timothy27a,123456
Jason28a,123456
Jeffrey29a,123456
Ryan30a,123456
Jacob31a,123456
Gary32a,123456
Nicholas33a,123456
Eric34a,123456
Jonathan35a,123456
Stephen36a,123456
Larry37a,123456
Justin38a,123456
Scott39a,123456
Brandon40a,123456
Benjamin41a,123456
Samuel42a,123456
Gregory43a,123456
Frank44a,123456
James2a,123456
Robert1a,123456
John1a,123456
Michael1a,123456
William1a,123456
David1a,123456
Richard1a,123456
Joseph1a,123456
Thomas1a,123456
Charles1a,123456
Christopher1a,123456
Daniel1a,123456
Matthew1a,123456
Anthony1a,123456
Mark1a,123456
Donald1a,123456
Steven1a,123456
Paul1a,123456
Andrew1a,123456
Joshua1a,123456
Kenneth1a,123456
Kevin1a,123456
Brian1a,123456
George1a,123456
Edward1a,123456
Ronald1a,123456
Timothy1a,123456
Jason1a,123456
Jeffrey1a,123456
Ryan1a,123456
Jacob1a,123456
Gary1a,123456
Nicholas1a,123456
Eric1a,123456
Jonathan1a,123456
Stephen1a,123456
Larry1a,123456
Justin1a,123456
Scott1a,123456
Brandon1a,123456
Benjamin1a,123456
Samuel1a,123456
Gregory1a,123456
Frank1a,123456
Jamesb,123456
Robertb,123456
Johnb,123456
Michaelb,123456
Williamb,123456
Davidb,123456
Richardb,123456
Josephb,123456
Thomasb,123456
Charlesb,123456
Christopherb,123456
Danielb,123456
Matthewb,123456
Anthonyb,123456
Markb,123456
Donaldb,123456
Stevenb,123456
Paulb,123456
Andrewb,123456
Joshuab,123456
Kennethb,123456
Kevinb,123456
Brianb,123456
Georgeb,123456
Edwardb,123456
Ronaldb,123456
Timothyb,123456
Jasonb,123456
Jeffreyb,123456
Ryanb,123456
Jacobb,123456
Garyb,123456
Nicholasb,123456
Ericb,123456
Jonathanb,123456
Stephenb,123456
Larryb,123456
Justinb,123456
Scottb,123456
Brandonb,123456
Benjaminb,123456
Samuelb,123456
Gregoryb,123456
Frankb,123456
James1b,123456
Robert2b,123456
John3b,123456
Michael4b,123456
William5b,123456
David6b,123456
Richard7b,123456
Joseph8b,123456
Thomas9b,123456
Charles10b,123456
Christopher11b,123456
Daniel12b,123456
Matthew13b,123456
Anthony14b,123456
Mark15b,123456
Donald16b,123456
Steven17b,123456
Paul18b,123456
Andrew19b,123456
Joshua20b,123456
Kenneth21b,123456
Kevin22b,123456
Brian23b,123456
George24b,123456
Edward25b,123456
Ronald26b,123456
Timothy27b,123456
Jason28b,123456
Jeffrey29b,123456
Ryan30b,123456
Jacob31b,123456
Gary32b,123456
Nicholas33b,123456
Eric34b,123456
Jonathan35b,123456
Stephen36b,123456
Larry37b,123456
Justin38b,123456
Scott39b,123456
Brandon40b,123456
Benjamin41b,123456
Samuel42b,123456
Gregory43b,123456
Frank44b,123456
James2b,123456
Robert1b,123456
John1b,123456
Michael1b,123456
William1b,123456
David1b,123456
Richard1b,123456
Joseph1b,123456
Thomas1b,123456
Charles1b,123456
Christopher1b,123456
Daniel1b,123456
Matthew1b,123456
Anthony1b,123456
Mark1b,123456
Donald1b,123456
Steven1b,123456
Paul1b,123456
Andrew1b,123456
Joshua1b,123456
Kenneth1b,123456
Kevin1b,123456
Brian1b,123456
George1b,123456
Edward1b,123456
Ronald1b,123456
Timothy1b,123456
Jason1b,123456
Jeffrey1b,123456
Ryan1b,123456
Jacob1b,123456
Gary1b,123456
Nicholas1b,123456
Eric1b,123456
Jonathan1b,123456
Stephen1b,123456
Larry1b,123456
Justin1b,123456
Scott1b,123456
Brandon1b,123456
Benjamin1b,123456
Samuel1b,123456
Gregory1b,123456
Frank1b,123456
James3b,123456
Robert3b,123456
Michael3b,123456
William3b,123456
David3b,123456
Richard3b,123456
Joseph3b,123456
Thomas3b,123456
Charles3b,123456
Christopher3b,123456
Daniel3b,123456
Matthew3b,123456
Anthony3b,123456
Mark3b,123456
Donald3b,123456
Steven3b,123456
Paul3b,123456
Andrew3b,123456
Joshua3b,123456
Kenneth3b,123456
Kevin3b,123456
Brian3b,123456
George3b,123456
Edward3b,123456
Ronald3b,123456
Timothy3b,123456
Jason3b,123456
Jeffrey3b,123456
Ryan3b,123456
Jacob3b,123456
Gary3b,123456
Nicholas3b,123456
Eric3b,123456
Jonathan3b,123456
Stephen3b,123456
Larry3b,123456
Justin3b,123456
Scott3b,123456
Brandon3b,123456
Benjamin3b,123456
Samuel3b,123456
Gregory3b,123456
Frank3b,123456
James13b,123456
Robert23b,123456
John33b,123456
Michael43b,123456
William53b,123456
David63b,123456
Richard73b,123456
Joseph83b,123456
Thomas93b,123456
Charles103b,123456
Christopher113b,123456
Daniel123b,123456
Matthew133b,123456
Anthony143b,123456
Mark153b,123456
Donald163b,123456
Steven173b,123456
Paul183b,123456
Andrew193b,123456
Joshua203b,123456
Kenneth213b,123456
Kevin223b,123456
Brian233b,123456
George243b,123456
Edward253b,123456
Ronald263b,123456
Timothy273b,123456
Jason283b,123456
Jeffrey293b,123456
Ryan303b,123456
Jacob313b,123456
Gary323b,123456
Nicholas333b,123456
Eric343b,123456
Jonathan353b,123456
Stephen363b,123456
Larry373b,123456
Justin383b,123456
Scott393b,123456
Brandon403b,123456
Benjamin413b,123456
Samuel423b,123456
Gregory433b,123456
Frank443b,123456
James23b,123456
Robert13b,123456
John13b,123456
Michael13b,123456
William13b,123456
David13b,123456
Richard13b,123456
Joseph13b,123456
Thomas13b,123456
Charles13b,123456
Christopher13b,123456
Daniel13b,123456
Anthony13b,123456
Mark13b,123456
Donald13b,123456
Steven13b,123456
Paul13b,123456
Andrew13b,123456
Joshua13b,123456
Kenneth13b,123456
Kevin13b,123456
Brian13b,123456
George13b,123456
Edward13b,123456
Ronald13b,123456
Timothy13b,123456
Jason13b,123456
Jeffrey13b,123456
Ryan13b,123456
Jacob13b,123456
Gary13b,123456
Nicholas13b,123456
Eric13b,123456
Jonathan13b,123456
Stephen13b,123456
Larry13b,123456
Justin13b,123456
Scott13b,123456
Brandon13b,123456
Benjamin13b,123456
Samuel13b,123456
Gregory13b,123456
Frank13b,123456
James4b,123456
Robert4b,123456
John4b,123456
William4b,123456
David4b,123456
Richard4b,123456
Joseph4b,123456
Thomas4b,123456
Charles4b,123456
Christopher4b,123456
Daniel4b,123456
Matthew4b,123456
Anthony4b,123456
Mark4b,123456
Donald4b,123456
Steven4b,123456
Paul4b,123456
Andrew4b,123456
Joshua4b,123456
Kenneth4b,123456
Kevin4b,123456
Brian4b,123456
George4b,123456
Edward4b,123456
Ronald4b,123456
Timothy4b,123456
Jason4b,123456
Jeffrey4b,123456
Ryan4b,123456
Jacob4b,123456
Gary4b,123456
Nicholas4b,123456
Eric4b,123456
Jonathan4b,123456
Stephen4b,123456
Larry4b,123456
Justin4b,123456
Scott4b,123456
Brandon4b,123456
Benjamin4b,123456
Samuel4b,123456
Gregory4b,123456
Frank4b,123456
James14b,123456
Robert24b,123456
John34b,123456
Michael44b,123456
William54b,123456
David64b,123456
Richard74b,123456
Joseph84b,123456
Thomas94b,123456
Charles104b,123456
Christopher114b,123456
Daniel124b,123456
Matthew134b,123456
Anthony144b,123456
Mark154b,123456
Donald164b,123456
Steven174b,123456
Paul184b,123456
Andrew194b,123456
Joshua204b,123456
Kenneth214b,123456
Kevin224b,123456
Brian234b,123456
George244b,123456
Edward254b,123456
Ronald264b,123456
Timothy274b,123456
Jason284b,123456
Jeffrey294b,123456
Ryan304b,123456
Jacob314b,123456
Gary324b,123456
Nicholas334b,123456
Eric344b,123456
Jonathan354b,123456
Stephen364b,123456
Larry374b,123456
Justin384b,123456
Scott394b,123456
Brandon404b,123456
Benjamin414b,123456
Samuel424b,123456
Gregory434b,123456
Frank444b,123456
James24b,123456
Robert14b,123456
John14b,123456
Michael14b,123456
William14b,123456
David14b,123456
Richard14b,123456
Joseph14b,123456
Thomas14b,123456
Charles14b,123456
Christopher14b,123456
Daniel14b,123456
Matthew14b,123456
Mark14b,123456
Donald14b,123456
Steven14b,123456
Paul14b,123456
Andrew14b,123456
Joshua14b,123456
Kenneth14b,123456
Kevin14b,123456
Brian14b,123456
George14b,123456
Edward14b,123456
Ronald14b,123456
Timothy14b,123456
Jason14b,123456
Jeffrey14b,123456
Ryan14b,123456
Jacob14b,123456
Gary14b,123456
Nicholas14b,123456
Eric14b,123456
Jonathan14b,123456
Stephen14b,123456
Larry14b,123456
Justin14b,123456
Scott14b,123456
Brandon14b,123456
Benjamin14b,123456
Samuel14b,123456
Gregory14b,123456
Frank14b,123456
Jamesab,123456
Robertab,123456
Johnab,123456
Michaelab,123456
Williamab,123456
Davidab,123456
Richardab,123456
Josephab,123456
Thomasab,123456
Charlesab,123456
Christopherab,123456
Danielab,123456
Matthewab,123456
Anthonyab,123456
Markab,123456
Donaldab,123456
Stevenab,123456
Paulab,123456
Andrewab,123456
Joshuaab,123456
Kennethab,123456
Kevinab,123456
Brianab,123456
Georgeab,123456
Edwardab,123456
Ronaldab,123456
Timothyab,123456
Jasonab,123456
Jeffreyab,123456
Ryanab,123456
Jacobab,123456
Garyab,123456
Nicholasab,123456
Ericab,123456
Jonathanab,123456
Stephenab,123456
Larryab,123456
Justinab,123456
Scottab,123456
Brandonab,123456
Benjaminab,123456
Samuelab,123456
Gregoryab,123456
Frankab,123456
James1ab,123456
Robert2ab,123456
John3ab,123456
Michael4ab,123456
William5ab,123456
David6ab,123456
Richard7ab,123456
Joseph8ab,123456
Thomas9ab,123456
Charles10ab,123456
Christopher11ab,123456
Daniel12ab,123456
Matthew13ab,123456
Anthony14ab,123456
Mark15ab,123456
Donald16ab,123456
Steven17ab,123456
Paul18ab,123456
Andrew19ab,123456
Joshua20ab,123456
Kenneth21ab,123456
Kevin22ab,123456
Brian23ab,123456
George24ab,123456
Edward25ab,123456
Ronald26ab,123456
Timothy27ab,123456
Jason28ab,123456
Jeffrey29ab,123456
Ryan30ab,123456
Jacob31ab,123456
Gary32ab,123456
Nicholas33ab,123456
Eric34ab,123456
Jonathan35ab,123456
Stephen36ab,123456
Larry37ab,123456
Justin38ab,123456
Scott39ab,123456
Brandon40ab,123456
Benjamin41ab,123456
Samuel42ab,123456
Gregory43ab,123456
Frank44ab,123456
James2ab,123456
Robert1ab,123456
John1ab,123456
Michael1ab,123456
William1ab,123456
David1ab,123456
Richard1ab,123456
Joseph1ab,123456
Thomas1ab,123456
Charles1ab,123456
Christopher1ab,123456
Daniel1ab,123456
Matthew1ab,123456
Anthony1ab,123456
Mark1ab,123456
Donald1ab,123456
Steven1ab,123456
Paul1ab,123456
Andrew1ab,123456
Joshua1ab,123456
Kenneth1ab,123456
Kevin1ab,123456
Brian1ab,123456
George1ab,123456
Edward1ab,123456
Ronald1ab,123456
Timothy1ab,123456
Jason1ab,123456
Jeffrey1ab,123456
Ryan1ab,123456
Jacob1ab,123456
Gary1ab,123456
Nicholas1ab,123456
Eric1ab,123456
Jonathan1ab,123456
Stephen1ab,123456
Larry1ab,123456
Justin1ab,123456
Scott1ab,123456
Brandon1ab,123456
Benjamin1ab,123456
Samuel1ab,123456
Gregory1ab,123456
Frank1ab,123456
Jamesbb,123456
Robertbb,123456
Johnbb,123456
Michaelbb,123456
Williambb,123456
Davidbb,123456
Richardbb,123456
Josephbb,123456
Thomasbb,123456
Charlesbb,123456
Christopherbb,123456
Danielbb,123456
Matthewbb,123456
Anthonybb,123456
Markbb,123456
Donaldbb,123456
Stevenbb,123456
Paulbb,123456
Andrewbb,123456
Joshuabb,123456
Kennethbb,123456
Kevinbb,123456
Brianbb,123456
Georgebb,123456
Edwardbb,123456
Ronaldbb,123456
Timothybb,123456
Jasonbb,123456
Jeffreybb,123456
Ryanbb,123456
Jacobbb,123456
Garybb,123456
Nicholasbb,123456
Ericbb,123456
Jonathanbb,123456
Stephenbb,123456
Larrybb,123456
Justinbb,123456
Scottbb,123456
Brandonbb,123456
Benjaminbb,123456
Samuelbb,123456
Gregorybb,123456
Frankbb,123456
James1bb,123456
Robert2bb,123456
John3bb,123456
Michael4bb,123456
William5bb,123456
David6bb,123456
Richard7bb,123456
Joseph8bb,123456
Thomas9bb,123456
Charles10bb,123456
Christopher11bb,123456
Daniel12bb,123456
Matthew13bb,123456
Anthony14bb,123456
Mark15bb,123456
Donald16bb,123456
Steven17bb,123456
Paul18bb,123456
Andrew19bb,123456
Joshua20bb,123456
Kenneth21bb,123456
Kevin22bb,123456
Brian23bb,123456
George24bb,123456
Edward25bb,123456
Ronald26bb,123456
Timothy27bb,123456
Jason28bb,123456
Jeffrey29bb,123456
Ryan30bb,123456
Jacob31bb,123456
Gary32bb,123456
Nicholas33bb,123456
Eric34bb,123456
Jonathan35bb,123456
Stephen36bb,123456
Larry37bb,123456
Justin38bb,123456
Scott39bb,123456
Brandon40bb,123456
Benjamin41bb,123456
Samuel42bb,123456
Gregory43bb,123456
Frank44bb,123456
James2bb,123456
Robert1bb,123456
John1bb,123456
Michael1bb,123456
William1bb,123456
David1bb,123456
Richard1bb,123456
Joseph1bb,123456
Thomas1bb,123456
Charles1bb,123456
Christopher1bb,123456
Daniel1bb,123456
Matthew1bb,123456
Anthony1bb,123456
Mark1bb,123456
Donald1bb,123456
Steven1bb,123456
Paul1bb,123456
Andrew1bb,123456
Joshua1bb,123456
Kenneth1bb,123456
Kevin1bb,123456
Brian1bb,123456
George1bb,123456
Edward1bb,123456
Ronald1bb,123456
Timothy1bb,123456
Jason1bb,123456
Jeffrey1bb,123456
Ryan1bb,123456
Jacob1bb,123456
Gary1bb,123456
Nicholas1bb,123456
Eric1bb,123456
Jonathan1bb,123456
Stephen1bb,123456
Larry1bb,123456
Justin1bb,123456
Scott1bb,123456
Brandon1bb,123456
Benjamin1bb,123456
Samuel1bb,123456
Gregory1bb,123456
Frank1bb,123456
James3bb,123456
Robert3bb,123456
Michael3bb,123456
William3bb,123456
David3bb,123456
Richard3bb,123456
Joseph3bb,123456
Thomas3bb,123456
Charles3bb,123456
Christopher3bb,123456
Daniel3bb,123456
Matthew3bb,123456
Anthony3bb,123456
Mark3bb,123456
Donald3bb,123456
Steven3bb,123456
Paul3bb,123456
Andrew3bb,123456
Joshua3bb,123456
Kenneth3bb,123456
Kevin3bb,123456
Brian3bb,123456
George3bb,123456
Edward3bb,123456
Ronald3bb,123456
Timothy3bb,123456
Jason3bb,123456
Jeffrey3bb,123456
Ryan3bb,123456
Jacob3bb,123456
Gary3bb,123456
Nicholas3bb,123456
Eric3bb,123456
Jonathan3bb,123456
Stephen3bb,123456
Larry3bb,123456
Justin3bb,123456
Scott3bb,123456
Brandon3bb,123456
Benjamin3bb,123456
Samuel3bb,123456
Gregory3bb,123456
Frank3bb,123456
James13bb,123456
Robert23bb,123456
John33bb,123456
Michael43bb,123456
William53bb,123456
David63bb,123456
Richard73bb,123456
Joseph83bb,123456
Thomas93bb,123456
Charles103bb,123456
Christopher113bb,123456
Daniel123bb,123456
Matthew133bb,123456
Anthony143bb,123456
Mark153bb,123456
Donald163bb,123456
Steven173bb,123456
Paul183bb,123456
Andrew193bb,123456
Joshua203bb,123456
Kenneth213bb,123456
Kevin223bb,123456
Brian233bb,123456
George243bb,123456
Edward253bb,123456
Ronald263bb,123456
Timothy273bb,123456